Time,Electric_Field_V_m
2026-03-04T17:00:00,-290.0
2026-03-04T17:00:01,-306.0
2026-03-04T17:00:02,-314.0
2026-03-04T17:00:03,-322.0
2026-03-04T17:00:04,-330.0
2026-03-04T17:00:05,-338.0
2026-03-04T17:00:06,-322.0
2026-03-04T17:00:07,-322.0
2026-03-04T17:00:08,-298.0
2026-03-04T17:00:09,-306.0
2026-03-04T17:00:10,-314.0
2026-03-04T17:00:11,-330.0
2026-03-04T17:00:12,-346.0
2026-03-04T17:00:13,-346.0
2026-03-04T17:00:14,-338.0
2026-03-04T17:00:15,-322.0
2026-03-04T17:00:16,-314.0
2026-03-04T17:00:17,-306.0
2026-03-04T17:00:18,-314.0
2026-03-04T17:00:19,-314.0
2026-03-04T17:00:20,-306.0
2026-03-04T17:00:21,-306.0
2026-03-04T17:00:22,-298.0
2026-03-04T17:00:23,-306.0
2026-03-04T17:00:24,-322.0
2026-03-04T17:00:25,-330.0
2026-03-04T17:00:26,-330.0
2026-03-04T17:00:27,-338.0
2026-03-04T17:00:28,-338.0
2026-03-04T17:00:29,-330.0
2026-03-04T17:00:30,-322.0
2026-03-04T17:00:31,-322.0
2026-03-04T17:00:32,-298.0
2026-03-04T17:00:33,-298.0
2026-03-04T17:00:34,-298.0
2026-03-04T17:00:35,-306.0
2026-03-04T17:00:36,-322.0
2026-03-04T17:00:37,-322.0
2026-03-04T17:00:38,-330.0
2026-03-04T17:00:39,-330.0
2026-03-04T17:00:40,-330.0
2026-03-04T17:00:41,-322.0
2026-03-04T17:00:42,-322.0
2026-03-04T17:00:43,-346.0
2026-03-04T17:00:44,-354.0
2026-03-04T17:00:45,-370.0
2026-03-04T17:00:46,-370.0
2026-03-04T17:00:47,-370.0
2026-03-04T17:00:48,-362.0
2026-03-04T17:00:49,-346.0
2026-03-04T17:00:50,-346.0
2026-03-04T17:00:51,-330.0
2026-03-04T17:00:52,-322.0
2026-03-04T17:00:53,-330.0
2026-03-04T17:00:54,-354.0
2026-03-04T17:00:55,-346.0
2026-03-04T17:00:56,-322.0
2026-03-04T17:00:57,-322.0
2026-03-04T17:00:58,-314.0
2026-03-04T17:00:59,-322.0
2026-03-04T17:01:00,-354.0
2026-03-04T17:01:01,-370.0
2026-03-04T17:01:02,-378.0
2026-03-04T17:01:03,-378.0
2026-03-04T17:01:04,-378.0
2026-03-04T17:01:05,-386.0
2026-03-04T17:01:06,-378.0
2026-03-04T17:01:07,-378.0
2026-03-04T17:01:08,-370.0
2026-03-04T17:01:09,-362.0
2026-03-04T17:01:10,-338.0
2026-03-04T17:01:11,-330.0
2026-03-04T17:01:12,-330.0
2026-03-04T17:01:13,-306.0
2026-03-04T17:01:14,-322.0
2026-03-04T17:01:15,-338.0
2026-03-04T17:01:16,-338.0
2026-03-04T17:01:17,-362.0
2026-03-04T17:01:18,-362.0
2026-03-04T17:01:19,-354.0
2026-03-04T17:01:20,-346.0
2026-03-04T17:01:21,-354.0
2026-03-04T17:01:22,-362.0
2026-03-04T17:01:23,-370.0
2026-03-04T17:01:24,-378.0
2026-03-04T17:01:25,-338.0
2026-03-04T17:01:26,-290.0
2026-03-04T17:01:27,-290.0
2026-03-04T17:01:28,-306.0
2026-03-04T17:01:29,-330.0
2026-03-04T17:01:30,-338.0
2026-03-04T17:01:31,-338.0
2026-03-04T17:01:32,-346.0
2026-03-04T17:01:33,-354.0
2026-03-04T17:01:34,-370.0
2026-03-04T17:01:35,-370.0
2026-03-04T17:01:36,-362.0
2026-03-04T17:01:37,-362.0
2026-03-04T17:01:38,-378.0
2026-03-04T17:01:39,-378.0
2026-03-04T17:01:40,-394.0
2026-03-04T17:01:41,-394.0
2026-03-04T17:01:42,-370.0
2026-03-04T17:01:43,-370.0
2026-03-04T17:01:44,-346.0
2026-03-04T17:01:45,-346.0
2026-03-04T17:01:46,-354.0
2026-03-04T17:01:47,-378.0
2026-03-04T17:01:48,-394.0
2026-03-04T17:01:49,-402.0
2026-03-04T17:01:50,-386.0
2026-03-04T17:01:51,-378.0
2026-03-04T17:01:52,-370.0
2026-03-04T17:01:53,-378.0
2026-03-04T17:01:54,-370.0
2026-03-04T17:01:55,-362.0
2026-03-04T17:01:56,-362.0
2026-03-04T17:01:57,-354.0
2026-03-04T17:01:58,-354.0
2026-03-04T17:01:59,-354.0
2026-03-04T17:02:00,-346.0
2026-03-04T17:02:01,-346.0
2026-03-04T17:02:02,-354.0
2026-03-04T17:02:03,-346.0
2026-03-04T17:02:04,-346.0
2026-03-04T17:02:05,-346.0
2026-03-04T17:02:06,-330.0
2026-03-04T17:02:07,-290.0
2026-03-04T17:02:08,-258.0
2026-03-04T17:02:09,-234.0
2026-03-04T17:02:10,-226.0
2026-03-04T17:02:11,-266.0
2026-03-04T17:02:12,-282.0
2026-03-04T17:02:13,-290.0
2026-03-04T17:02:14,-306.0
2026-03-04T17:02:15,-306.0
2026-03-04T17:02:16,-306.0
2026-03-04T17:02:17,-322.0
2026-03-04T17:02:18,-330.0
2026-03-04T17:02:19,-330.0
2026-03-04T17:02:20,-290.0
2026-03-04T17:02:21,-242.0
2026-03-04T17:02:22,-226.0
2026-03-04T17:02:23,-258.0
2026-03-04T17:02:24,-298.0
2026-03-04T17:02:25,-314.0
2026-03-04T17:02:26,-346.0
2026-03-04T17:02:27,-354.0
2026-03-04T17:02:28,-354.0
2026-03-04T17:02:29,-354.0
2026-03-04T17:02:30,-354.0
2026-03-04T17:02:31,-362.0
2026-03-04T17:02:32,-354.0
2026-03-04T17:02:33,-354.0
2026-03-04T17:02:34,-370.0
2026-03-04T17:02:35,-378.0
2026-03-04T17:02:36,-394.0
2026-03-04T17:02:37,-402.0
2026-03-04T17:02:38,-402.0
2026-03-04T17:02:39,-402.0
2026-03-04T17:02:40,-410.0
2026-03-04T17:02:41,-402.0
2026-03-04T17:02:42,-394.0
2026-03-04T17:02:43,-386.0
2026-03-04T17:02:44,-346.0
2026-03-04T17:02:45,-338.0
2026-03-04T17:02:46,-330.0
2026-03-04T17:02:47,-330.0
2026-03-04T17:02:48,-338.0
2026-03-04T17:02:49,-338.0
2026-03-04T17:02:50,-338.0
2026-03-04T17:02:51,-322.0
2026-03-04T17:02:52,-322.0
2026-03-04T17:02:53,-322.0
2026-03-04T17:02:54,-322.0
2026-03-04T17:02:55,-322.0
2026-03-04T17:02:56,-330.0
2026-03-04T17:02:57,-330.0
2026-03-04T17:02:58,-322.0
2026-03-04T17:02:59,-346.0
2026-03-04T17:03:00,-354.0
2026-03-04T17:03:01,-362.0
2026-03-04T17:03:02,-362.0
2026-03-04T17:03:03,-362.0
2026-03-04T17:03:04,-370.0
2026-03-04T17:03:05,-354.0
2026-03-04T17:03:06,-338.0
2026-03-04T17:03:07,-338.0
2026-03-04T17:03:08,-306.0
2026-03-04T17:03:09,-266.0
2026-03-04T17:03:10,-274.0
2026-03-04T17:03:11,-306.0
2026-03-04T17:03:12,-322.0
2026-03-04T17:03:13,-322.0
2026-03-04T17:03:14,-330.0
2026-03-04T17:03:15,-322.0
2026-03-04T17:03:16,-322.0
2026-03-04T17:03:17,-322.0
2026-03-04T17:03:18,-330.0
2026-03-04T17:03:19,-330.0
2026-03-04T17:03:20,-338.0
2026-03-04T17:03:21,-354.0
2026-03-04T17:03:22,-346.0
2026-03-04T17:03:23,-346.0
2026-03-04T17:03:24,-330.0
2026-03-04T17:03:25,-346.0
2026-03-04T17:03:26,-354.0
2026-03-04T17:03:27,-370.0
2026-03-04T17:03:28,-338.0
2026-03-04T17:03:29,-354.0
2026-03-04T17:03:30,-362.0
2026-03-04T17:03:31,-370.0
2026-03-04T17:03:32,-394.0
2026-03-04T17:03:33,-402.0
2026-03-04T17:03:34,-410.0
2026-03-04T17:03:35,-410.0
2026-03-04T17:03:36,-410.0
2026-03-04T17:03:37,-402.0
2026-03-04T17:03:38,-410.0
2026-03-04T17:03:39,-410.0
2026-03-04T17:03:40,-410.0
2026-03-04T17:03:41,-402.0
2026-03-04T17:03:42,-394.0
2026-03-04T17:03:43,-394.0
2026-03-04T17:03:44,-410.0
2026-03-04T17:03:45,-410.0
2026-03-04T17:03:46,-410.0
2026-03-04T17:03:47,-410.0
2026-03-04T17:03:48,-410.0
2026-03-04T17:03:49,-402.0
2026-03-04T17:03:50,-418.0
2026-03-04T17:03:51,-426.0
2026-03-04T17:03:52,-418.0
2026-03-04T17:03:53,-418.0
2026-03-04T17:03:54,-410.0
2026-03-04T17:03:55,-410.0
2026-03-04T17:03:56,-410.0
2026-03-04T17:03:57,-394.0
2026-03-04T17:03:58,-386.0
2026-03-04T17:03:59,-394.0
2026-03-04T17:04:00,-378.0
2026-03-04T17:04:01,-370.0
2026-03-04T17:04:02,-370.0
2026-03-04T17:04:03,-362.0
2026-03-04T17:04:04,-362.0
2026-03-04T17:04:05,-362.0
2026-03-04T17:04:06,-378.0
2026-03-04T17:04:07,-386.0
2026-03-04T17:04:08,-378.0
2026-03-04T17:04:09,-338.0
2026-03-04T17:04:10,-330.0
2026-03-04T17:04:11,-338.0
2026-03-04T17:04:12,-354.0
2026-03-04T17:04:13,-330.0
2026-03-04T17:04:14,-306.0
2026-03-04T17:04:15,-266.0
2026-03-04T17:04:16,-234.0
2026-03-04T17:04:17,-210.0
2026-03-04T17:04:18,-194.0
2026-03-04T17:04:19,-178.0
2026-03-04T17:04:20,-170.0
2026-03-04T17:04:21,-162.0
2026-03-04T17:04:22,-154.0
2026-03-04T17:04:23,-147.0
2026-03-04T17:04:24,-139.0
2026-03-04T17:04:25,-139.0
2026-03-04T17:04:26,-131.0
2026-03-04T17:04:27,-139.0
2026-03-04T17:04:28,-131.0
2026-03-04T17:04:29,-131.0
2026-03-04T17:04:30,-131.0
2026-03-04T17:04:31,-139.0
2026-03-04T17:04:32,-147.0
2026-03-04T17:04:33,-147.0
2026-03-04T17:04:34,-162.0
2026-03-04T17:04:35,-170.0
2026-03-04T17:04:36,-170.0
2026-03-04T17:04:37,-170.0
2026-03-04T17:04:38,-178.0
2026-03-04T17:04:39,-194.0
2026-03-04T17:04:40,-210.0
2026-03-04T17:04:41,-226.0
2026-03-04T17:04:42,-242.0
2026-03-04T17:04:43,-250.0
2026-03-04T17:04:44,-242.0
2026-03-04T17:04:45,-250.0
2026-03-04T17:04:46,-250.0
2026-03-04T17:04:47,-282.0
2026-03-04T17:04:48,-298.0
2026-03-04T17:04:49,-298.0
2026-03-04T17:04:50,-306.0
2026-03-04T17:04:51,-322.0
2026-03-04T17:04:52,-338.0
2026-03-04T17:04:53,-346.0
2026-03-04T17:04:54,-354.0
2026-03-04T17:04:55,-346.0
2026-03-04T17:04:56,-354.0
2026-03-04T17:04:57,-346.0
2026-03-04T17:04:58,-354.0
2026-03-04T17:04:59,-362.0
2026-03-04T17:05:00,-346.0
2026-03-04T17:05:01,-330.0
2026-03-04T17:05:02,-322.0
2026-03-04T17:05:03,-306.0
2026-03-04T17:05:04,-314.0
2026-03-04T17:05:05,-322.0
2026-03-04T17:05:06,-322.0
2026-03-04T17:05:07,-322.0
2026-03-04T17:05:08,-330.0
2026-03-04T17:05:09,-330.0
2026-03-04T17:05:10,-322.0
2026-03-04T17:05:11,-330.0
2026-03-04T17:05:12,-338.0
2026-03-04T17:05:13,-346.0
2026-03-04T17:05:14,-338.0
2026-03-04T17:05:15,-314.0
2026-03-04T17:05:16,-314.0
2026-03-04T17:05:17,-306.0
2026-03-04T17:05:18,-298.0
2026-03-04T17:05:19,-306.0
2026-03-04T17:05:20,-314.0
2026-03-04T17:05:21,-322.0
2026-03-04T17:05:22,-314.0
2026-03-04T17:05:23,-322.0
2026-03-04T17:05:24,-330.0
2026-03-04T17:05:25,-338.0
2026-03-04T17:05:26,-330.0
2026-03-04T17:05:27,-346.0
2026-03-04T17:05:28,-346.0
2026-03-04T17:05:29,-354.0
2026-03-04T17:05:30,-346.0
2026-03-04T17:05:31,-322.0
2026-03-04T17:05:32,-306.0
2026-03-04T17:05:33,-306.0
2026-03-04T17:05:34,-314.0
2026-03-04T17:05:35,-330.0
2026-03-04T17:05:36,-354.0
2026-03-04T17:05:37,-362.0
2026-03-04T17:05:38,-370.0
2026-03-04T17:05:39,-338.0
2026-03-04T17:05:40,-314.0
2026-03-04T17:05:41,-306.0
2026-03-04T17:05:42,-314.0
2026-03-04T17:05:43,-322.0
2026-03-04T17:05:44,-330.0
2026-03-04T17:05:45,-322.0
2026-03-04T17:05:46,-330.0
2026-03-04T17:05:47,-322.0
2026-03-04T17:05:48,-314.0
2026-03-04T17:05:49,-314.0
2026-03-04T17:05:50,-330.0
2026-03-04T17:05:51,-346.0
2026-03-04T17:05:52,-354.0
2026-03-04T17:05:53,-346.0
2026-03-04T17:05:54,-338.0
2026-03-04T17:05:55,-338.0
2026-03-04T17:05:56,-338.0
2026-03-04T17:05:57,-338.0
2026-03-04T17:05:58,-330.0
2026-03-04T17:05:59,-362.0
2026-03-04T17:06:00,-378.0
2026-03-04T17:06:01,-354.0
2026-03-04T17:06:03,-370.0
2026-03-04T17:06:04,-362.0
2026-03-04T17:06:05,-354.0
2026-03-04T17:06:06,-362.0
2026-03-04T17:06:07,-362.0
2026-03-04T17:06:08,-354.0
2026-03-04T17:06:09,-354.0
2026-03-04T17:06:10,-362.0
2026-03-04T17:06:11,-354.0
2026-03-04T17:06:12,-346.0
2026-03-04T17:06:13,-322.0
2026-03-04T17:06:14,-306.0
2026-03-04T17:06:15,-290.0
2026-03-04T17:06:16,-282.0
2026-03-04T17:06:17,-290.0
2026-03-04T17:06:18,-282.0
2026-03-04T17:06:19,-266.0
2026-03-04T17:06:20,-282.0
2026-03-04T17:06:21,-290.0
2026-03-04T17:06:22,-290.0
2026-03-04T17:06:23,-282.0
2026-03-04T17:06:24,-282.0
2026-03-04T17:06:25,-290.0
2026-03-04T17:06:26,-314.0
2026-03-04T17:06:27,-330.0
2026-03-04T17:06:28,-330.0
2026-03-04T17:06:29,-330.0
2026-03-04T17:06:30,-346.0
2026-03-04T17:06:31,-338.0
2026-03-04T17:06:32,-338.0
2026-03-04T17:06:33,-314.0
2026-03-04T17:06:34,-306.0
2026-03-04T17:06:35,-314.0
2026-03-04T17:06:36,-322.0
2026-03-04T17:06:37,-322.0
2026-03-04T17:06:38,-322.0
2026-03-04T17:06:39,-306.0
2026-03-04T17:06:40,-306.0
2026-03-04T17:06:41,-298.0
2026-03-04T17:06:42,-290.0
2026-03-04T17:06:43,-290.0
2026-03-04T17:06:44,-282.0
2026-03-04T17:06:45,-298.0
2026-03-04T17:06:46,-330.0
2026-03-04T17:06:47,-322.0
2026-03-04T17:06:48,-314.0
2026-03-04T17:06:49,-306.0
2026-03-04T17:06:50,-298.0
2026-03-04T17:06:51,-290.0
2026-03-04T17:06:52,-290.0
2026-03-04T17:06:53,-290.0
2026-03-04T17:06:54,-290.0
2026-03-04T17:06:55,-282.0
2026-03-04T17:06:56,-274.0
2026-03-04T17:06:57,-258.0
2026-03-04T17:06:58,-250.0
2026-03-04T17:06:59,-258.0
2026-03-04T17:07:00,-258.0
2026-03-04T17:07:01,-282.0
2026-03-04T17:07:02,-314.0
2026-03-04T17:07:03,-314.0
2026-03-04T17:07:04,-290.0
2026-03-04T17:07:05,-266.0
2026-03-04T17:07:06,-274.0
2026-03-04T17:07:07,-322.0
2026-03-04T17:07:08,-314.0
2026-03-04T17:07:09,-274.0
2026-03-04T17:07:10,-242.0
2026-03-04T17:07:11,-226.0
2026-03-04T17:07:12,-234.0
2026-03-04T17:07:13,-234.0
2026-03-04T17:07:14,-234.0
2026-03-04T17:07:15,-242.0
2026-03-04T17:07:16,-250.0
2026-03-04T17:07:17,-258.0
2026-03-04T17:07:18,-282.0
2026-03-04T17:07:19,-306.0
2026-03-04T17:07:20,-322.0
2026-03-04T17:07:21,-322.0
2026-03-04T17:07:22,-330.0
2026-03-04T17:07:23,-346.0
2026-03-04T17:07:24,-346.0
2026-03-04T17:07:25,-338.0
2026-03-04T17:07:26,-354.0
2026-03-04T17:07:27,-338.0
2026-03-04T17:07:28,-338.0
2026-03-04T17:07:29,-330.0
2026-03-04T17:07:30,-314.0
2026-03-04T17:07:31,-322.0
2026-03-04T17:07:32,-322.0
2026-03-04T17:07:33,-330.0
2026-03-04T17:07:34,-346.0
2026-03-04T17:07:35,-346.0
2026-03-04T17:07:36,-346.0
2026-03-04T17:07:37,-338.0
2026-03-04T17:07:38,-338.0
2026-03-04T17:07:39,-338.0
2026-03-04T17:07:40,-330.0
2026-03-04T17:07:41,-330.0
2026-03-04T17:07:42,-322.0
2026-03-04T17:07:43,-322.0
2026-03-04T17:07:44,-330.0
2026-03-04T17:07:45,-330.0
2026-03-04T17:07:46,-338.0
2026-03-04T17:07:47,-338.0
2026-03-04T17:07:48,-346.0
2026-03-04T17:07:49,-354.0
2026-03-04T17:07:50,-370.0
2026-03-04T17:07:51,-378.0
2026-03-04T17:07:52,-386.0
2026-03-04T17:07:53,-378.0
2026-03-04T17:07:54,-378.0
2026-03-04T17:07:55,-370.0
2026-03-04T17:07:56,-370.0
2026-03-04T17:07:57,-378.0
2026-03-04T17:07:58,-386.0
2026-03-04T17:07:59,-378.0
2026-03-04T17:08:00,-418.0
2026-03-04T17:08:01,-434.0
2026-03-04T17:08:02,-418.0
2026-03-04T17:08:03,-410.0
2026-03-04T17:08:04,-426.0
2026-03-04T17:08:05,-426.0
2026-03-04T17:08:06,-434.0
2026-03-04T17:08:07,-434.0
2026-03-04T17:08:08,-426.0
2026-03-04T17:08:09,-434.0
2026-03-04T17:08:10,-426.0
2026-03-04T17:08:11,-434.0
2026-03-04T17:08:12,-434.0
2026-03-04T17:08:13,-434.0
2026-03-04T17:08:14,-410.0
2026-03-04T17:08:15,-410.0
2026-03-04T17:08:16,-418.0
2026-03-04T17:08:17,-418.0
2026-03-04T17:08:18,-418.0
2026-03-04T17:08:19,-426.0
2026-03-04T17:08:20,-426.0
2026-03-04T17:08:21,-426.0
2026-03-04T17:08:22,-426.0
2026-03-04T17:08:23,-426.0
2026-03-04T17:08:24,-426.0
2026-03-04T17:08:25,-434.0
2026-03-04T17:08:26,-426.0
2026-03-04T17:08:27,-426.0
2026-03-04T17:08:28,-418.0
2026-03-04T17:08:29,-426.0
2026-03-04T17:08:30,-426.0
2026-03-04T17:08:31,-434.0
2026-03-04T17:08:32,-434.0
2026-03-04T17:08:33,-442.0
2026-03-04T17:08:34,-434.0
2026-03-04T17:08:35,-426.0
2026-03-04T17:08:36,-434.0
2026-03-04T17:08:37,-434.0
2026-03-04T17:08:38,-434.0
2026-03-04T17:08:39,-426.0
2026-03-04T17:08:40,-418.0
2026-03-04T17:08:41,-410.0
2026-03-04T17:08:42,-410.0
2026-03-04T17:08:43,-402.0
2026-03-04T17:08:44,-410.0
2026-03-04T17:08:45,-402.0
2026-03-04T17:08:46,-402.0
2026-03-04T17:08:47,-394.0
2026-03-04T17:08:48,-410.0
2026-03-04T17:08:49,-394.0
2026-03-04T17:08:50,-386.0
2026-03-04T17:08:51,-378.0
2026-03-04T17:08:52,-378.0
2026-03-04T17:08:53,-378.0
2026-03-04T17:08:54,-378.0
2026-03-04T17:08:55,-370.0
2026-03-04T17:08:56,-378.0
2026-03-04T17:08:57,-386.0
2026-03-04T17:08:58,-386.0
2026-03-04T17:08:59,-386.0
2026-03-04T17:09:00,-378.0
2026-03-04T17:09:01,-402.0
2026-03-04T17:09:02,-410.0
2026-03-04T17:09:03,-402.0
2026-03-04T17:09:04,-386.0
2026-03-04T17:09:05,-386.0
2026-03-04T17:09:06,-378.0
2026-03-04T17:09:07,-378.0
2026-03-04T17:09:08,-386.0
2026-03-04T17:09:09,-394.0
2026-03-04T17:09:10,-410.0
2026-03-04T17:09:11,-394.0
2026-03-04T17:09:12,-370.0
2026-03-04T17:09:13,-354.0
2026-03-04T17:09:14,-354.0
2026-03-04T17:09:15,-354.0
2026-03-04T17:09:16,-354.0
2026-03-04T17:09:17,-362.0
2026-03-04T17:09:18,-378.0
2026-03-04T17:09:19,-370.0
2026-03-04T17:09:20,-346.0
2026-03-04T17:09:21,-338.0
2026-03-04T17:09:22,-346.0
2026-03-04T17:09:23,-362.0
2026-03-04T17:09:24,-378.0
2026-03-04T17:09:25,-378.0
2026-03-04T17:09:26,-378.0
2026-03-04T17:09:27,-362.0
2026-03-04T17:09:28,-346.0
2026-03-04T17:09:29,-346.0
2026-03-04T17:09:30,-354.0
2026-03-04T17:09:31,-354.0
2026-03-04T17:09:32,-338.0
2026-03-04T17:09:33,-338.0
2026-03-04T17:09:34,-354.0
2026-03-04T17:09:35,-402.0
2026-03-04T17:09:36,-402.0
2026-03-04T17:09:37,-386.0
2026-03-04T17:09:38,-370.0
2026-03-04T17:09:39,-370.0
2026-03-04T17:09:40,-370.0
2026-03-04T17:09:41,-370.0
2026-03-04T17:09:42,-378.0
2026-03-04T17:09:43,-370.0
2026-03-04T17:09:44,-386.0
2026-03-04T17:09:45,-362.0
2026-03-04T17:09:46,-354.0
2026-03-04T17:09:47,-362.0
2026-03-04T17:09:48,-370.0
2026-03-04T17:09:49,-362.0
2026-03-04T17:09:50,-370.0
2026-03-04T17:09:51,-362.0
2026-03-04T17:09:52,-346.0
2026-03-04T17:09:53,-346.0
2026-03-04T17:09:54,-354.0
2026-03-04T17:09:55,-354.0
2026-03-04T17:09:56,-338.0
2026-03-04T17:09:57,-322.0
2026-03-04T17:09:58,-322.0
2026-03-04T17:09:59,-314.0
2026-03-04T17:10:00,-322.0
2026-03-04T17:10:01,-322.0
2026-03-04T17:10:02,-330.0
2026-03-04T17:10:03,-330.0
2026-03-04T17:10:04,-330.0
2026-03-04T17:10:05,-330.0
2026-03-04T17:10:06,-338.0
2026-03-04T17:10:07,-330.0
2026-03-04T17:10:08,-330.0
2026-03-04T17:10:09,-322.0
2026-03-04T17:10:10,-330.0
2026-03-04T17:10:11,-338.0
2026-03-04T17:10:12,-346.0
2026-03-04T17:10:13,-338.0
2026-03-04T17:10:14,-330.0
2026-03-04T17:10:15,-322.0
2026-03-04T17:10:16,-322.0
2026-03-04T17:10:17,-322.0
2026-03-04T17:10:18,-314.0
2026-03-04T17:10:19,-314.0
2026-03-04T17:10:20,-314.0
2026-03-04T17:10:21,-330.0
2026-03-04T17:10:22,-330.0
2026-03-04T17:10:23,-338.0
2026-03-04T17:10:24,-338.0
2026-03-04T17:10:25,-338.0
2026-03-04T17:10:26,-338.0
2026-03-04T17:10:27,-338.0
2026-03-04T17:10:28,-346.0
2026-03-04T17:10:29,-346.0
2026-03-04T17:10:30,-346.0
2026-03-04T17:10:31,-370.0
2026-03-04T17:10:32,-354.0
2026-03-04T17:10:33,-346.0
2026-03-04T17:10:34,-354.0
2026-03-04T17:10:35,-338.0
2026-03-04T17:10:36,-338.0
2026-03-04T17:10:37,-346.0
2026-03-04T17:10:38,-346.0
2026-03-04T17:10:39,-354.0
2026-03-04T17:10:40,-354.0
2026-03-04T17:10:41,-370.0
2026-03-04T17:10:42,-378.0
2026-03-04T17:10:43,-386.0
2026-03-04T17:10:44,-402.0
2026-03-04T17:10:45,-402.0
2026-03-04T17:10:46,-410.0
2026-03-04T17:10:47,-418.0
2026-03-04T17:10:48,-410.0
2026-03-04T17:10:49,-410.0
2026-03-04T17:10:50,-410.0
2026-03-04T17:10:51,-418.0
2026-03-04T17:10:52,-418.0
2026-03-04T17:10:53,-418.0
2026-03-04T17:10:54,-426.0
2026-03-04T17:10:55,-418.0
2026-03-04T17:10:56,-410.0
2026-03-04T17:10:57,-418.0
2026-03-04T17:10:58,-426.0
2026-03-04T17:10:59,-418.0
2026-03-04T17:11:00,-418.0
2026-03-04T17:11:01,-418.0
2026-03-04T17:11:02,-418.0
2026-03-04T17:11:03,-426.0
2026-03-04T17:11:04,-434.0
2026-03-04T17:11:05,-426.0
2026-03-04T17:11:06,-426.0
2026-03-04T17:11:07,-426.0
2026-03-04T17:11:08,-426.0
2026-03-04T17:11:09,-434.0
2026-03-04T17:11:10,-426.0
2026-03-04T17:11:11,-426.0
2026-03-04T17:11:12,-434.0
2026-03-04T17:11:13,-434.0
2026-03-04T17:11:14,-434.0
2026-03-04T17:11:15,-434.0
2026-03-04T17:11:16,-434.0
2026-03-04T17:11:17,-426.0
2026-03-04T17:11:18,-426.0
2026-03-04T17:11:19,-426.0
2026-03-04T17:11:20,-426.0
2026-03-04T17:11:21,-426.0
2026-03-04T17:11:22,-434.0
2026-03-04T17:11:23,-434.0
2026-03-04T17:11:24,-434.0
2026-03-04T17:11:25,-426.0
2026-03-04T17:11:26,-426.0
2026-03-04T17:11:27,-434.0
2026-03-04T17:11:28,-442.0
2026-03-04T17:11:29,-434.0
2026-03-04T17:11:30,-442.0
2026-03-04T17:11:31,-434.0
2026-03-04T17:11:32,-434.0
2026-03-04T17:11:33,-442.0
2026-03-04T17:11:34,-442.0
2026-03-04T17:11:35,-442.0
2026-03-04T17:11:36,-442.0
2026-03-04T17:11:37,-434.0
2026-03-04T17:11:38,-434.0
2026-03-04T17:11:39,-442.0
2026-03-04T17:11:41,-442.0
2026-03-04T17:11:42,-434.0
2026-03-04T17:11:43,-434.0
2026-03-04T17:11:44,-434.0
2026-03-04T17:11:45,-434.0
2026-03-04T17:11:46,-434.0
2026-03-04T17:11:47,-434.0
2026-03-04T17:11:48,-442.0
2026-03-04T17:11:49,-442.0
2026-03-04T17:11:50,-442.0
2026-03-04T17:11:51,-442.0
2026-03-04T17:11:52,-442.0
2026-03-04T17:11:53,-442.0
2026-03-04T17:11:54,-442.0
2026-03-04T17:11:55,-442.0
2026-03-04T17:11:56,-442.0
2026-03-04T17:11:57,-442.0
2026-03-04T17:11:58,-434.0
2026-03-04T17:11:59,-434.0
2026-03-04T17:12:00,-434.0
2026-03-04T17:12:01,-434.0
2026-03-04T17:12:02,-434.0
2026-03-04T17:12:03,-434.0
2026-03-04T17:12:04,-434.0
2026-03-04T17:12:05,-434.0
2026-03-04T17:12:06,-434.0
2026-03-04T17:12:07,-434.0
2026-03-04T17:12:08,-434.0
2026-03-04T17:12:09,-434.0
2026-03-04T17:12:10,-434.0
2026-03-04T17:12:11,-434.0
2026-03-04T17:12:12,-434.0
2026-03-04T17:12:13,-434.0
2026-03-04T17:12:14,-434.0
2026-03-04T17:12:15,-434.0
2026-03-04T17:12:16,-434.0
2026-03-04T17:12:17,-426.0
2026-03-04T17:12:18,-418.0
2026-03-04T17:12:19,-410.0
2026-03-04T17:12:20,-410.0
2026-03-04T17:12:21,-418.0
2026-03-04T17:12:22,-410.0
2026-03-04T17:12:23,-410.0
2026-03-04T17:12:24,-394.0
2026-03-04T17:12:25,-386.0
2026-03-04T17:12:26,-386.0
2026-03-04T17:12:27,-386.0
2026-03-04T17:12:28,-386.0
2026-03-04T17:12:29,-394.0
2026-03-04T17:12:30,-402.0
2026-03-04T17:12:31,-394.0
2026-03-04T17:12:32,-394.0
2026-03-04T17:12:33,-386.0
2026-03-04T17:12:34,-386.0
2026-03-04T17:12:35,-386.0
2026-03-04T17:12:36,-354.0
2026-03-04T17:12:37,-290.0
2026-03-04T17:12:38,-250.0
2026-03-04T17:12:39,-234.0
2026-03-04T17:12:40,-226.0
2026-03-04T17:12:41,-242.0
2026-03-04T17:12:42,-322.0
2026-03-04T17:12:43,-306.0
2026-03-04T17:12:44,-322.0
2026-03-04T17:12:45,-362.0
2026-03-04T17:12:46,-346.0
2026-03-04T17:12:47,-322.0
2026-03-04T17:12:48,-314.0
2026-03-04T17:12:49,-314.0
2026-03-04T17:12:50,-306.0
2026-03-04T17:12:51,-314.0
2026-03-04T17:12:52,-322.0
2026-03-04T17:12:53,-338.0
2026-03-04T17:12:54,-338.0
2026-03-04T17:12:55,-330.0
2026-03-04T17:12:56,-330.0
2026-03-04T17:12:57,-330.0
2026-03-04T17:12:58,-322.0
2026-03-04T17:12:59,-338.0
2026-03-04T17:13:00,-354.0
2026-03-04T17:13:01,-370.0
2026-03-04T17:13:02,-378.0
2026-03-04T17:13:03,-386.0
2026-03-04T17:13:04,-394.0
2026-03-04T17:13:05,-394.0
2026-03-04T17:13:06,-386.0
2026-03-04T17:13:07,-378.0
2026-03-04T17:13:08,-386.0
2026-03-04T17:13:09,-402.0
2026-03-04T17:13:10,-410.0
2026-03-04T17:13:11,-402.0
2026-03-04T17:13:12,-410.0
2026-03-04T17:13:13,-394.0
2026-03-04T17:13:14,-394.0
2026-03-04T17:13:15,-386.0
2026-03-04T17:13:16,-394.0
2026-03-04T17:13:17,-386.0
2026-03-04T17:13:18,-378.0
2026-03-04T17:13:19,-378.0
2026-03-04T17:13:20,-378.0
2026-03-04T17:13:21,-394.0
2026-03-04T17:13:22,-386.0
2026-03-04T17:13:23,-402.0
2026-03-04T17:13:24,-386.0
2026-03-04T17:13:25,-386.0
2026-03-04T17:13:26,-370.0
2026-03-04T17:13:27,-354.0
2026-03-04T17:13:28,-346.0
2026-03-04T17:13:29,-346.0
2026-03-04T17:13:30,-370.0
2026-03-04T17:13:31,-394.0
2026-03-04T17:13:32,-394.0
2026-03-04T17:13:33,-386.0
2026-03-04T17:13:34,-378.0
2026-03-04T17:13:35,-394.0
2026-03-04T17:13:36,-378.0
2026-03-04T17:13:37,-370.0
2026-03-04T17:13:38,-370.0
2026-03-04T17:13:39,-378.0
2026-03-04T17:13:40,-370.0
2026-03-04T17:13:41,-370.0
2026-03-04T17:13:42,-370.0
2026-03-04T17:13:43,-378.0
2026-03-04T17:13:44,-394.0
2026-03-04T17:13:45,-386.0
2026-03-04T17:13:46,-378.0
2026-03-04T17:13:47,-362.0
2026-03-04T17:13:48,-394.0
2026-03-04T17:13:49,-378.0
2026-03-04T17:13:50,-362.0
2026-03-04T17:13:51,-362.0
2026-03-04T17:13:52,-362.0
2026-03-04T17:13:53,-362.0
2026-03-04T17:13:54,-362.0
2026-03-04T17:13:55,-354.0
2026-03-04T17:13:56,-346.0
2026-03-04T17:13:57,-354.0
2026-03-04T17:13:58,-354.0
2026-03-04T17:13:59,-354.0
2026-03-04T17:14:00,-354.0
2026-03-04T17:14:01,-354.0
2026-03-04T17:14:02,-354.0
2026-03-04T17:14:03,-354.0
2026-03-04T17:14:04,-354.0
2026-03-04T17:14:05,-346.0
2026-03-04T17:14:06,-346.0
2026-03-04T17:14:07,-354.0
2026-03-04T17:14:08,-354.0
2026-03-04T17:14:09,-346.0
2026-03-04T17:14:10,-354.0
2026-03-04T17:14:11,-346.0
2026-03-04T17:14:12,-346.0
2026-03-04T17:14:13,-354.0
2026-03-04T17:14:14,-354.0
2026-03-04T17:14:15,-362.0
2026-03-04T17:14:16,-370.0
2026-03-04T17:14:17,-370.0
2026-03-04T17:14:18,-362.0
2026-03-04T17:14:19,-354.0
2026-03-04T17:14:20,-346.0
2026-03-04T17:14:21,-298.0
2026-03-04T17:14:22,-306.0
2026-03-04T17:14:23,-306.0
2026-03-04T17:14:24,-314.0
2026-03-04T17:14:25,-330.0
2026-03-04T17:14:26,-346.0
2026-03-04T17:14:27,-362.0
2026-03-04T17:14:28,-370.0
2026-03-04T17:14:29,-354.0
2026-03-04T17:14:30,-322.0
2026-03-04T17:14:31,-314.0
2026-03-04T17:14:32,-314.0
2026-03-04T17:14:33,-378.0
2026-03-04T17:14:34,-362.0
2026-03-04T17:14:35,-338.0
2026-03-04T17:14:36,-370.0
2026-03-04T17:14:37,-362.0
2026-03-04T17:14:38,-354.0
2026-03-04T17:14:39,-386.0
2026-03-04T17:14:40,-370.0
2026-03-04T17:14:41,-346.0
2026-03-04T17:14:42,-338.0
2026-03-04T17:14:43,-330.0
2026-03-04T17:14:44,-330.0
2026-03-04T17:14:45,-322.0
2026-03-04T17:14:46,-322.0
2026-03-04T17:14:47,-322.0
2026-03-04T17:14:48,-322.0
2026-03-04T17:14:49,-322.0
2026-03-04T17:14:50,-314.0
2026-03-04T17:14:51,-314.0
2026-03-04T17:14:52,-322.0
2026-03-04T17:14:53,-330.0
2026-03-04T17:14:54,-338.0
2026-03-04T17:14:55,-346.0
2026-03-04T17:14:56,-362.0
2026-03-04T17:14:57,-386.0
2026-03-04T17:14:58,-394.0
2026-03-04T17:14:59,-418.0
2026-03-04T17:15:00,-418.0
2026-03-04T17:15:01,-394.0
2026-03-04T17:15:02,-378.0
2026-03-04T17:15:03,-346.0
2026-03-04T17:15:04,-330.0
2026-03-04T17:15:05,-338.0
2026-03-04T17:15:06,-346.0
2026-03-04T17:15:07,-346.0
2026-03-04T17:15:08,-354.0
2026-03-04T17:15:09,-354.0
2026-03-04T17:15:10,-346.0
2026-03-04T17:15:11,-354.0
2026-03-04T17:15:12,-362.0
2026-03-04T17:15:13,-378.0
2026-03-04T17:15:14,-386.0
2026-03-04T17:15:15,-386.0
2026-03-04T17:15:16,-386.0
2026-03-04T17:15:17,-394.0
2026-03-04T17:15:18,-394.0
2026-03-04T17:15:19,-394.0
2026-03-04T17:15:20,-402.0
2026-03-04T17:15:21,-402.0
2026-03-04T17:15:22,-410.0
2026-03-04T17:15:23,-410.0
2026-03-04T17:15:24,-418.0
2026-03-04T17:15:25,-418.0
2026-03-04T17:15:26,-410.0
2026-03-04T17:15:27,-418.0
2026-03-04T17:15:28,-418.0
2026-03-04T17:15:29,-418.0
2026-03-04T17:15:30,-418.0
2026-03-04T17:15:31,-426.0
2026-03-04T17:15:32,-426.0
2026-03-04T17:15:33,-426.0
2026-03-04T17:15:34,-426.0
2026-03-04T17:15:35,-426.0
2026-03-04T17:15:36,-426.0
2026-03-04T17:15:37,-426.0
2026-03-04T17:15:38,-426.0
2026-03-04T17:15:39,-426.0
2026-03-04T17:15:40,-426.0
2026-03-04T17:15:41,-426.0
2026-03-04T17:15:42,-434.0
2026-03-04T17:15:43,-434.0
2026-03-04T17:15:44,-434.0
2026-03-04T17:15:45,-434.0
2026-03-04T17:15:46,-434.0
2026-03-04T17:15:47,-434.0
2026-03-04T17:15:48,-434.0
2026-03-04T17:15:49,-434.0
2026-03-04T17:15:50,-434.0
2026-03-04T17:15:51,-434.0
2026-03-04T17:15:52,-434.0
2026-03-04T17:15:53,-434.0
2026-03-04T17:15:54,-434.0
2026-03-04T17:15:55,-434.0
2026-03-04T17:15:56,-434.0
2026-03-04T17:15:57,-434.0
2026-03-04T17:15:58,-434.0
2026-03-04T17:15:59,-434.0
2026-03-04T17:16:00,-434.0
2026-03-04T17:16:01,-434.0
2026-03-04T17:16:02,-434.0
2026-03-04T17:16:03,-434.0
2026-03-04T17:16:04,-434.0
2026-03-04T17:16:05,-434.0
2026-03-04T17:16:06,-434.0
2026-03-04T17:16:07,-442.0
2026-03-04T17:16:08,-442.0
2026-03-04T17:16:09,-442.0
2026-03-04T17:16:10,-442.0
2026-03-04T17:16:11,-442.0
2026-03-04T17:16:12,-442.0
2026-03-04T17:16:13,-442.0
2026-03-04T17:16:14,-442.0
2026-03-04T17:16:15,-442.0
2026-03-04T17:16:16,-442.0
2026-03-04T17:16:17,-442.0
2026-03-04T17:16:18,-442.0
2026-03-04T17:16:19,-442.0
2026-03-04T17:16:20,-442.0
2026-03-04T17:16:21,-442.0
2026-03-04T17:16:22,-442.0
2026-03-04T17:16:23,-442.0
2026-03-04T17:16:24,-442.0
2026-03-04T17:16:25,-442.0
2026-03-04T17:16:26,-442.0
2026-03-04T17:16:27,-442.0
2026-03-04T17:16:28,-442.0
2026-03-04T17:16:29,-442.0
2026-03-04T17:16:30,-442.0
2026-03-04T17:16:31,-442.0
2026-03-04T17:16:32,-442.0
2026-03-04T17:16:33,-442.0
2026-03-04T17:16:34,-442.0
2026-03-04T17:16:35,-442.0
2026-03-04T17:16:36,-442.0
2026-03-04T17:16:37,-442.0
2026-03-04T17:16:38,-442.0
2026-03-04T17:16:39,-442.0
2026-03-04T17:16:40,-442.0
2026-03-04T17:16:41,-442.0
2026-03-04T17:16:42,-442.0
2026-03-04T17:16:43,-442.0
2026-03-04T17:16:44,-442.0
2026-03-04T17:16:45,-442.0
2026-03-04T17:16:46,-442.0
2026-03-04T17:16:47,-442.0
2026-03-04T17:16:48,-434.0
2026-03-04T17:16:49,-442.0
2026-03-04T17:16:50,-442.0
2026-03-04T17:16:51,-434.0
2026-03-04T17:16:52,-434.0
2026-03-04T17:16:53,-434.0
2026-03-04T17:16:54,-442.0
2026-03-04T17:16:55,-442.0
2026-03-04T17:16:56,-442.0
2026-03-04T17:16:57,-442.0
2026-03-04T17:16:58,-442.0
2026-03-04T17:16:59,-442.0
2026-03-04T17:17:00,-442.0
2026-03-04T17:17:01,-442.0
2026-03-04T17:17:02,-442.0
2026-03-04T17:17:03,-442.0
2026-03-04T17:17:04,-434.0
2026-03-04T17:17:05,-442.0
2026-03-04T17:17:06,-442.0
2026-03-04T17:17:07,-442.0
2026-03-04T17:17:08,-442.0
2026-03-04T17:17:09,-442.0
2026-03-04T17:17:10,-442.0
2026-03-04T17:17:11,-442.0
2026-03-04T17:17:12,-434.0
2026-03-04T17:17:13,-442.0
2026-03-04T17:17:14,-434.0
2026-03-04T17:17:15,-426.0
2026-03-04T17:17:16,-442.0
2026-03-04T17:17:17,-442.0
2026-03-04T17:17:18,-442.0
2026-03-04T17:17:19,-442.0
2026-03-04T17:17:20,-442.0
2026-03-04T17:17:21,-442.0
2026-03-04T17:17:22,-442.0
2026-03-04T17:17:23,-442.0
2026-03-04T17:17:24,-442.0
2026-03-04T17:17:25,-442.0
2026-03-04T17:17:26,-442.0
2026-03-04T17:17:27,-442.0
2026-03-04T17:17:28,-434.0
2026-03-04T17:17:29,-442.0
2026-03-04T17:17:30,-434.0
2026-03-04T17:17:31,-434.0
2026-03-04T17:17:32,-434.0
2026-03-04T17:17:33,-434.0
2026-03-04T17:17:34,-442.0
2026-03-04T17:17:35,-442.0
2026-03-04T17:17:36,-442.0
2026-03-04T17:17:37,-442.0
2026-03-04T17:17:38,-442.0
2026-03-04T17:17:39,-442.0
2026-03-04T17:17:40,-442.0
2026-03-04T17:17:41,-442.0
2026-03-04T17:17:42,-442.0
2026-03-04T17:17:43,-442.0
2026-03-04T17:17:44,-442.0
2026-03-04T17:17:45,-442.0
2026-03-04T17:17:46,-434.0
2026-03-04T17:17:47,-426.0
2026-03-04T17:17:48,-418.0
2026-03-04T17:17:49,-410.0
2026-03-04T17:17:50,-410.0
2026-03-04T17:17:51,-402.0
2026-03-04T17:17:52,-410.0
2026-03-04T17:17:53,-410.0
2026-03-04T17:17:54,-410.0
2026-03-04T17:17:55,-418.0
2026-03-04T17:17:56,-410.0
2026-03-04T17:17:57,-410.0
2026-03-04T17:17:58,-418.0
2026-03-04T17:17:59,-410.0
2026-03-04T17:18:00,-394.0
2026-03-04T17:18:01,-386.0
2026-03-04T17:18:02,-394.0
2026-03-04T17:18:03,-410.0
2026-03-04T17:18:04,-394.0
2026-03-04T17:18:05,-394.0
2026-03-04T17:18:06,-394.0
2026-03-04T17:18:07,-394.0
2026-03-04T17:18:08,-410.0
2026-03-04T17:18:09,-394.0
2026-03-04T17:18:10,-386.0
2026-03-04T17:18:11,-386.0
2026-03-04T17:18:12,-394.0
2026-03-04T17:18:13,-386.0
2026-03-04T17:18:14,-394.0
2026-03-04T17:18:15,-394.0
2026-03-04T17:18:16,-394.0
2026-03-04T17:18:17,-394.0
2026-03-04T17:18:18,-402.0
2026-03-04T17:18:19,-402.0
2026-03-04T17:18:20,-402.0
2026-03-04T17:18:21,-394.0
2026-03-04T17:18:22,-394.0
2026-03-04T17:18:23,-394.0
2026-03-04T17:18:24,-394.0
2026-03-04T17:18:25,-394.0
2026-03-04T17:18:26,-386.0
2026-03-04T17:18:27,-402.0
2026-03-04T17:18:28,-394.0
2026-03-04T17:18:29,-394.0
2026-03-04T17:18:30,-402.0
2026-03-04T17:18:31,-410.0
2026-03-04T17:18:32,-410.0
2026-03-04T17:18:33,-402.0
2026-03-04T17:18:34,-410.0
2026-03-04T17:18:35,-394.0
2026-03-04T17:18:36,-386.0
2026-03-04T17:18:37,-386.0
2026-03-04T17:18:38,-394.0
2026-03-04T17:18:39,-394.0
2026-03-04T17:18:40,-402.0
2026-03-04T17:18:41,-402.0
2026-03-04T17:18:42,-394.0
2026-03-04T17:18:43,-394.0
2026-03-04T17:18:44,-386.0
2026-03-04T17:18:45,-386.0
2026-03-04T17:18:46,-386.0
2026-03-04T17:18:47,-378.0
2026-03-04T17:18:48,-378.0
2026-03-04T17:18:49,-378.0
2026-03-04T17:18:50,-370.0
2026-03-04T17:18:51,-370.0
2026-03-04T17:18:52,-370.0
2026-03-04T17:18:53,-370.0
2026-03-04T17:18:54,-370.0
2026-03-04T17:18:55,-378.0
2026-03-04T17:18:56,-394.0
2026-03-04T17:18:57,-394.0
2026-03-04T17:18:58,-410.0
2026-03-04T17:18:59,-402.0
2026-03-04T17:19:00,-394.0
2026-03-04T17:19:01,-394.0
2026-03-04T17:19:02,-394.0
2026-03-04T17:19:03,-402.0
2026-03-04T17:19:04,-410.0
2026-03-04T17:19:05,-410.0
2026-03-04T17:19:06,-394.0
2026-03-04T17:19:07,-402.0
2026-03-04T17:19:08,-402.0
2026-03-04T17:19:09,-394.0
2026-03-04T17:19:10,-386.0
2026-03-04T17:19:11,-386.0
2026-03-04T17:19:12,-378.0
2026-03-04T17:19:13,-378.0
2026-03-04T17:19:14,-370.0
2026-03-04T17:19:15,-370.0
2026-03-04T17:19:16,-370.0
2026-03-04T17:19:17,-386.0
2026-03-04T17:19:18,-386.0
2026-03-04T17:19:19,-386.0
2026-03-04T17:19:20,-386.0
2026-03-04T17:19:21,-410.0
2026-03-04T17:19:22,-410.0
2026-03-04T17:19:23,-402.0
2026-03-04T17:19:24,-410.0
2026-03-04T17:19:25,-402.0
2026-03-04T17:19:26,-402.0
2026-03-04T17:19:27,-410.0
2026-03-04T17:19:28,-418.0
2026-03-04T17:19:29,-418.0
2026-03-04T17:19:30,-410.0
2026-03-04T17:19:31,-402.0
2026-03-04T17:19:32,-386.0
2026-03-04T17:19:33,-386.0
2026-03-04T17:19:34,-378.0
2026-03-04T17:19:35,-402.0
2026-03-04T17:19:36,-410.0
2026-03-04T17:19:37,-410.0
2026-03-04T17:19:38,-394.0
2026-03-04T17:19:39,-386.0
2026-03-04T17:19:40,-370.0
2026-03-04T17:19:41,-394.0
2026-03-04T17:19:42,-386.0
2026-03-04T17:19:43,-370.0
2026-03-04T17:19:44,-370.0
2026-03-04T17:19:45,-378.0
2026-03-04T17:19:46,-386.0
2026-03-04T17:19:47,-402.0
2026-03-04T17:19:48,-402.0
2026-03-04T17:19:49,-410.0
2026-03-04T17:19:50,-418.0
2026-03-04T17:19:51,-418.0
2026-03-04T17:19:52,-426.0
2026-03-04T17:19:53,-426.0
2026-03-04T17:19:54,-418.0
2026-03-04T17:19:55,-418.0
2026-03-04T17:19:56,-426.0
2026-03-04T17:19:57,-418.0
2026-03-04T17:19:58,-410.0
2026-03-04T17:19:59,-394.0
2026-03-04T17:20:00,-386.0
2026-03-04T17:20:01,-402.0
2026-03-04T17:20:02,-386.0
2026-03-04T17:20:03,-394.0
2026-03-04T17:20:04,-394.0
2026-03-04T17:20:05,-386.0
2026-03-04T17:20:06,-394.0
2026-03-04T17:20:07,-402.0
2026-03-04T17:20:08,-410.0
2026-03-04T17:20:09,-410.0
2026-03-04T17:20:10,-410.0
2026-03-04T17:20:11,-386.0
2026-03-04T17:20:12,-370.0
2026-03-04T17:20:13,-378.0
2026-03-04T17:20:14,-378.0
2026-03-04T17:20:15,-378.0
2026-03-04T17:20:16,-378.0
2026-03-04T17:20:17,-402.0
2026-03-04T17:20:18,-394.0
2026-03-04T17:20:19,-394.0
2026-03-04T17:20:20,-386.0
2026-03-04T17:20:21,-378.0
2026-03-04T17:20:22,-370.0
2026-03-04T17:20:23,-386.0
2026-03-04T17:20:24,-402.0
2026-03-04T17:20:25,-402.0
2026-03-04T17:20:26,-386.0
2026-03-04T17:20:27,-394.0
2026-03-04T17:20:28,-402.0
2026-03-04T17:20:29,-402.0
2026-03-04T17:20:30,-378.0
2026-03-04T17:20:31,-402.0
2026-03-04T17:20:32,-410.0
2026-03-04T17:20:33,-378.0
2026-03-04T17:20:34,-362.0
2026-03-04T17:20:35,-354.0
2026-03-04T17:20:36,-354.0
2026-03-04T17:20:37,-346.0
2026-03-04T17:20:38,-330.0
2026-03-04T17:20:39,-330.0
2026-03-04T17:20:40,-322.0
2026-03-04T17:20:41,-330.0
2026-03-04T17:20:42,-330.0
2026-03-04T17:20:43,-330.0
2026-03-04T17:20:44,-346.0
2026-03-04T17:20:45,-346.0
2026-03-04T17:20:46,-346.0
2026-03-04T17:20:47,-346.0
2026-03-04T17:20:48,-346.0
2026-03-04T17:20:49,-346.0
2026-03-04T17:20:50,-338.0
2026-03-04T17:20:51,-338.0
2026-03-04T17:20:52,-346.0
2026-03-04T17:20:53,-354.0
2026-03-04T17:20:54,-386.0
2026-03-04T17:20:55,-378.0
2026-03-04T17:20:56,-370.0
2026-03-04T17:20:57,-354.0
2026-03-04T17:20:58,-370.0
2026-03-04T17:20:59,-370.0
2026-03-04T17:21:00,-354.0
2026-03-04T17:21:01,-346.0
2026-03-04T17:21:02,-346.0
2026-03-04T17:21:03,-354.0
2026-03-04T17:21:04,-386.0
2026-03-04T17:21:05,-402.0
2026-03-04T17:21:06,-410.0
2026-03-04T17:21:07,-402.0
2026-03-04T17:21:08,-402.0
2026-03-04T17:21:09,-394.0
2026-03-04T17:21:10,-378.0
2026-03-04T17:21:11,-402.0
2026-03-04T17:21:12,-410.0
2026-03-04T17:21:13,-394.0
2026-03-04T17:21:14,-402.0
2026-03-04T17:21:15,-410.0
2026-03-04T17:21:16,-394.0
2026-03-04T17:21:17,-378.0
2026-03-04T17:21:18,-410.0
2026-03-04T17:21:19,-402.0
2026-03-04T17:21:20,-410.0
2026-03-04T17:21:21,-370.0
2026-03-04T17:21:22,-338.0
2026-03-04T17:21:23,-330.0
2026-03-04T17:21:24,-330.0
2026-03-04T17:21:25,-330.0
2026-03-04T17:21:26,-338.0
2026-03-04T17:21:27,-338.0
2026-03-04T17:21:28,-338.0
2026-03-04T17:21:29,-346.0
2026-03-04T17:21:30,-354.0
2026-03-04T17:21:31,-378.0
2026-03-04T17:21:32,-362.0
2026-03-04T17:21:33,-354.0
2026-03-04T17:21:34,-346.0
2026-03-04T17:21:35,-346.0
2026-03-04T17:21:36,-346.0
2026-03-04T17:21:37,-338.0
2026-03-04T17:21:38,-386.0
2026-03-04T17:21:39,-370.0
2026-03-04T17:21:40,-370.0
2026-03-04T17:21:41,-386.0
2026-03-04T17:21:42,-362.0
2026-03-04T17:21:43,-386.0
2026-03-04T17:21:44,-386.0
2026-03-04T17:21:45,-394.0
2026-03-04T17:21:46,-378.0
2026-03-04T17:21:47,-402.0
2026-03-04T17:21:48,-378.0
2026-03-04T17:21:49,-362.0
2026-03-04T17:21:50,-354.0
2026-03-04T17:21:51,-354.0
2026-03-04T17:21:52,-346.0
2026-03-04T17:21:53,-354.0
2026-03-04T17:21:54,-354.0
2026-03-04T17:21:55,-346.0
2026-03-04T17:21:56,-354.0
2026-03-04T17:21:57,-370.0
2026-03-04T17:21:58,-370.0
2026-03-04T17:21:59,-362.0
2026-03-04T17:22:00,-354.0
2026-03-04T17:22:01,-346.0
2026-03-04T17:22:02,-338.0
2026-03-04T17:22:03,-330.0
2026-03-04T17:22:04,-330.0
2026-03-04T17:22:05,-338.0
2026-03-04T17:22:06,-346.0
2026-03-04T17:22:07,-338.0
2026-03-04T17:22:08,-338.0
2026-03-04T17:22:09,-338.0
2026-03-04T17:22:10,-330.0
2026-03-04T17:22:11,-330.0
2026-03-04T17:22:12,-354.0
2026-03-04T17:22:13,-362.0
2026-03-04T17:22:14,-346.0
2026-03-04T17:22:15,-346.0
2026-03-04T17:22:16,-338.0
2026-03-04T17:22:17,-322.0
2026-03-04T17:22:18,-322.0
2026-03-04T17:22:19,-314.0
2026-03-04T17:22:20,-314.0
2026-03-04T17:22:21,-322.0
2026-03-04T17:22:22,-338.0
2026-03-04T17:22:23,-346.0
2026-03-04T17:22:24,-354.0
2026-03-04T17:22:25,-402.0
2026-03-04T17:22:26,-370.0
2026-03-04T17:22:27,-354.0
2026-03-04T17:22:28,-378.0
2026-03-04T17:22:29,-370.0
2026-03-04T17:22:30,-354.0
2026-03-04T17:22:31,-394.0
2026-03-04T17:22:32,-370.0
2026-03-04T17:22:33,-346.0
2026-03-04T17:22:34,-330.0
2026-03-04T17:22:35,-322.0
2026-03-04T17:22:36,-370.0
2026-03-04T17:22:37,-370.0
2026-03-04T17:22:38,-378.0
2026-03-04T17:22:39,-354.0
2026-03-04T17:22:40,-338.0
2026-03-04T17:22:41,-338.0
2026-03-04T17:22:42,-346.0
2026-03-04T17:22:43,-346.0
2026-03-04T17:22:44,-346.0
2026-03-04T17:22:45,-362.0
2026-03-04T17:22:46,-386.0
2026-03-04T17:22:47,-378.0
2026-03-04T17:22:48,-402.0
2026-03-04T17:22:49,-378.0
2026-03-04T17:22:50,-362.0
2026-03-04T17:22:51,-370.0
2026-03-04T17:22:52,-386.0
2026-03-04T17:22:53,-370.0
2026-03-04T17:22:54,-370.0
2026-03-04T17:22:55,-354.0
2026-03-04T17:22:56,-354.0
2026-03-04T17:22:57,-394.0
2026-03-04T17:22:58,-378.0
2026-03-04T17:22:59,-362.0
2026-03-04T17:23:00,-354.0
2026-03-04T17:23:01,-354.0
2026-03-04T17:23:02,-354.0
2026-03-04T17:23:03,-354.0
2026-03-04T17:23:04,-354.0
2026-03-04T17:23:05,-354.0
2026-03-04T17:23:06,-354.0
2026-03-04T17:23:07,-386.0
2026-03-04T17:23:08,-394.0
2026-03-04T17:23:09,-394.0
2026-03-04T17:23:10,-386.0
2026-03-04T17:23:11,-370.0
2026-03-04T17:23:12,-370.0
2026-03-04T17:23:13,-362.0
2026-03-04T17:23:14,-378.0
2026-03-04T17:23:15,-370.0
2026-03-04T17:23:16,-362.0
2026-03-04T17:23:17,-354.0
2026-03-04T17:23:18,-362.0
2026-03-04T17:23:19,-362.0
2026-03-04T17:23:20,-362.0
2026-03-04T17:23:21,-362.0
2026-03-04T17:23:22,-362.0
2026-03-04T17:23:23,-362.0
2026-03-04T17:23:24,-362.0
2026-03-04T17:23:25,-386.0
2026-03-04T17:23:26,-370.0
2026-03-04T17:23:27,-354.0
2026-03-04T17:23:28,-346.0
2026-03-04T17:23:29,-346.0
2026-03-04T17:23:30,-346.0
2026-03-04T17:23:31,-338.0
2026-03-04T17:23:32,-370.0
2026-03-04T17:23:33,-346.0
2026-03-04T17:23:34,-362.0
2026-03-04T17:23:35,-346.0
2026-03-04T17:23:36,-338.0
2026-03-04T17:23:37,-330.0
2026-03-04T17:23:38,-338.0
2026-03-04T17:23:39,-346.0
2026-03-04T17:23:40,-338.0
2026-03-04T17:23:41,-362.0
2026-03-04T17:23:42,-370.0
2026-03-04T17:23:43,-322.0
2026-03-04T17:23:44,-298.0
2026-03-04T17:23:45,-282.0
2026-03-04T17:23:46,-282.0
2026-03-04T17:23:47,-282.0
2026-03-04T17:23:48,-290.0
2026-03-04T17:23:49,-314.0
2026-03-04T17:23:50,-314.0
2026-03-04T17:23:51,-322.0
2026-03-04T17:23:52,-330.0
2026-03-04T17:23:53,-322.0
2026-03-04T17:23:54,-330.0
2026-03-04T17:23:55,-330.0
2026-03-04T17:23:56,-330.0
2026-03-04T17:23:57,-330.0
2026-03-04T17:23:58,-330.0
2026-03-04T17:23:59,-330.0
2026-03-04T17:24:00,-322.0
2026-03-04T17:24:01,-322.0
2026-03-04T17:24:02,-362.0
2026-03-04T17:24:03,-362.0
2026-03-04T17:24:04,-354.0
2026-03-04T17:24:05,-354.0
2026-03-04T17:24:06,-370.0
2026-03-04T17:24:07,-370.0
2026-03-04T17:24:08,-354.0
2026-03-04T17:24:09,-346.0
2026-03-04T17:24:10,-346.0
2026-03-04T17:24:11,-354.0
2026-03-04T17:24:12,-346.0
2026-03-04T17:24:13,-330.0
2026-03-04T17:24:14,-362.0
2026-03-04T17:24:15,-354.0
2026-03-04T17:24:16,-346.0
2026-03-04T17:24:17,-354.0
2026-03-04T17:24:18,-370.0
2026-03-04T17:24:19,-362.0
2026-03-04T17:24:20,-362.0
2026-03-04T17:24:21,-362.0
2026-03-04T17:24:22,-362.0
2026-03-04T17:24:23,-362.0
2026-03-04T17:24:24,-354.0
2026-03-04T17:24:25,-362.0
2026-03-04T17:24:26,-370.0
2026-03-04T17:24:27,-378.0
2026-03-04T17:24:28,-378.0
2026-03-04T17:24:29,-386.0
2026-03-04T17:24:30,-386.0
2026-03-04T17:24:31,-386.0
2026-03-04T17:24:32,-394.0
2026-03-04T17:24:33,-394.0
2026-03-04T17:24:34,-394.0
2026-03-04T17:24:35,-394.0
2026-03-04T17:24:36,-394.0
2026-03-04T17:24:37,-394.0
2026-03-04T17:24:38,-394.0
2026-03-04T17:24:39,-394.0
2026-03-04T17:24:40,-394.0
2026-03-04T17:24:41,-410.0
2026-03-04T17:24:42,-402.0
2026-03-04T17:24:43,-402.0
2026-03-04T17:24:44,-410.0
2026-03-04T17:24:45,-410.0
2026-03-04T17:24:46,-418.0
2026-03-04T17:24:47,-426.0
2026-03-04T17:24:48,-426.0
2026-03-04T17:24:49,-426.0
2026-03-04T17:24:50,-426.0
2026-03-04T17:24:51,-426.0
2026-03-04T17:24:52,-418.0
2026-03-04T17:24:53,-418.0
2026-03-04T17:24:54,-426.0
2026-03-04T17:24:55,-426.0
2026-03-04T17:24:56,-426.0
2026-03-04T17:24:57,-426.0
2026-03-04T17:24:58,-426.0
2026-03-04T17:24:59,-426.0
2026-03-04T17:25:00,-418.0
2026-03-04T17:25:01,-426.0
2026-03-04T17:25:02,-426.0
2026-03-04T17:25:03,-434.0
2026-03-04T17:25:04,-434.0
2026-03-04T17:25:05,-434.0
2026-03-04T17:25:06,-434.0
2026-03-04T17:25:07,-434.0
2026-03-04T17:25:08,-426.0
2026-03-04T17:25:09,-426.0
2026-03-04T17:25:10,-418.0
2026-03-04T17:25:11,-418.0
2026-03-04T17:25:12,-410.0
2026-03-04T17:25:13,-418.0
2026-03-04T17:25:14,-410.0
2026-03-04T17:25:15,-418.0
2026-03-04T17:25:16,-418.0
2026-03-04T17:25:17,-426.0
2026-03-04T17:25:18,-426.0
2026-03-04T17:25:19,-434.0
2026-03-04T17:25:20,-434.0
2026-03-04T17:25:21,-434.0
2026-03-04T17:25:22,-434.0
2026-03-04T17:25:23,-426.0
2026-03-04T17:25:24,-434.0
2026-03-04T17:25:25,-434.0
2026-03-04T17:25:26,-434.0
2026-03-04T17:25:27,-434.0
2026-03-04T17:25:28,-434.0
2026-03-04T17:25:29,-434.0
2026-03-04T17:25:30,-434.0
2026-03-04T17:25:31,-434.0
2026-03-04T17:25:32,-434.0
2026-03-04T17:25:33,-434.0
2026-03-04T17:25:34,-426.0
2026-03-04T17:25:35,-426.0
2026-03-04T17:25:36,-426.0
2026-03-04T17:25:37,-426.0
2026-03-04T17:25:38,-426.0
2026-03-04T17:25:39,-434.0
2026-03-04T17:25:40,-434.0
2026-03-04T17:25:41,-434.0
2026-03-04T17:25:42,-434.0
2026-03-04T17:25:43,-426.0
2026-03-04T17:25:44,-426.0
2026-03-04T17:25:45,-426.0
2026-03-04T17:25:46,-426.0
2026-03-04T17:25:47,-426.0
2026-03-04T17:25:48,-426.0
2026-03-04T17:25:49,-418.0
2026-03-04T17:25:50,-418.0
2026-03-04T17:25:51,-418.0
2026-03-04T17:25:52,-402.0
2026-03-04T17:25:53,-410.0
2026-03-04T17:25:54,-426.0
2026-03-04T17:25:55,-426.0
2026-03-04T17:25:56,-434.0
2026-03-04T17:25:57,-426.0
2026-03-04T17:25:58,-426.0
2026-03-04T17:25:59,-426.0
2026-03-04T17:26:00,-426.0
2026-03-04T17:26:01,-418.0
2026-03-04T17:26:02,-418.0
2026-03-04T17:26:03,-426.0
2026-03-04T17:26:04,-426.0
2026-03-04T17:26:05,-426.0
2026-03-04T17:26:06,-426.0
2026-03-04T17:26:07,-434.0
2026-03-04T17:26:08,-434.0
2026-03-04T17:26:09,-434.0
2026-03-04T17:26:10,-434.0
2026-03-04T17:26:11,-434.0
2026-03-04T17:26:12,-434.0
2026-03-04T17:26:13,-434.0
2026-03-04T17:26:14,-434.0
2026-03-04T17:26:15,-434.0
2026-03-04T17:26:16,-434.0
2026-03-04T17:26:17,-426.0
2026-03-04T17:26:18,-426.0
2026-03-04T17:26:19,-426.0
2026-03-04T17:26:20,-426.0
2026-03-04T17:26:21,-426.0
2026-03-04T17:26:22,-426.0
2026-03-04T17:26:23,-426.0
2026-03-04T17:26:24,-418.0
2026-03-04T17:26:25,-418.0
2026-03-04T17:26:26,-426.0
2026-03-04T17:26:27,-426.0
2026-03-04T17:26:28,-434.0
2026-03-04T17:26:29,-434.0
2026-03-04T17:26:30,-434.0
2026-03-04T17:26:31,-434.0
2026-03-04T17:26:32,-434.0
2026-03-04T17:26:33,-434.0
2026-03-04T17:26:34,-434.0
2026-03-04T17:26:35,-434.0
2026-03-04T17:26:36,-434.0
2026-03-04T17:26:37,-434.0
2026-03-04T17:26:38,-434.0
2026-03-04T17:26:39,-434.0
2026-03-04T17:26:40,-434.0
2026-03-04T17:26:41,-434.0
2026-03-04T17:26:42,-434.0
2026-03-04T17:26:43,-434.0
2026-03-04T17:26:44,-434.0
2026-03-04T17:26:45,-434.0
2026-03-04T17:26:46,-434.0
2026-03-04T17:26:47,-434.0
2026-03-04T17:26:48,-434.0
2026-03-04T17:26:49,-434.0
2026-03-04T17:26:50,-434.0
2026-03-04T17:26:51,-434.0
2026-03-04T17:26:52,-434.0
2026-03-04T17:26:53,-434.0
2026-03-04T17:26:54,-434.0
2026-03-04T17:26:55,-434.0
2026-03-04T17:26:56,-426.0
2026-03-04T17:26:57,-426.0
2026-03-04T17:26:58,-426.0
2026-03-04T17:26:59,-426.0
2026-03-04T17:27:00,-426.0
2026-03-04T17:27:01,-426.0
2026-03-04T17:27:02,-426.0
2026-03-04T17:27:03,-426.0
2026-03-04T17:27:04,-434.0
2026-03-04T17:27:05,-434.0
2026-03-04T17:27:06,-434.0
2026-03-04T17:27:07,-434.0
2026-03-04T17:27:08,-434.0
2026-03-04T17:27:09,-434.0
2026-03-04T17:27:10,-426.0
2026-03-04T17:27:11,-426.0
2026-03-04T17:27:12,-426.0
2026-03-04T17:27:13,-426.0
2026-03-04T17:27:14,-418.0
2026-03-04T17:27:15,-418.0
2026-03-04T17:27:16,-426.0
2026-03-04T17:27:17,-426.0
2026-03-04T17:27:18,-426.0
2026-03-04T17:27:19,-426.0
2026-03-04T17:27:20,-426.0
2026-03-04T17:27:21,-426.0
2026-03-04T17:27:22,-434.0
2026-03-04T17:27:23,-434.0
2026-03-04T17:27:24,-434.0
2026-03-04T17:27:25,-434.0
2026-03-04T17:27:26,-434.0
2026-03-04T17:27:27,-426.0
2026-03-04T17:27:28,-426.0
2026-03-04T17:27:29,-426.0
2026-03-04T17:27:30,-426.0
2026-03-04T17:27:31,-426.0
2026-03-04T17:27:32,-418.0
2026-03-04T17:27:33,-418.0
2026-03-04T17:27:34,-410.0
2026-03-04T17:27:35,-410.0
2026-03-04T17:27:36,-402.0
2026-03-04T17:27:37,-410.0
2026-03-04T17:27:38,-402.0
2026-03-04T17:27:39,-410.0
2026-03-04T17:27:40,-410.0
2026-03-04T17:27:41,-410.0
2026-03-04T17:27:42,-410.0
2026-03-04T17:27:43,-410.0
2026-03-04T17:27:44,-402.0
2026-03-04T17:27:45,-402.0
2026-03-04T17:27:46,-410.0
2026-03-04T17:27:47,-402.0
2026-03-04T17:27:48,-394.0
2026-03-04T17:27:49,-394.0
2026-03-04T17:27:50,-386.0
2026-03-04T17:27:51,-394.0
2026-03-04T17:27:52,-386.0
2026-03-04T17:27:53,-378.0
2026-03-04T17:27:54,-386.0
2026-03-04T17:27:55,-378.0
2026-03-04T17:27:56,-370.0
2026-03-04T17:27:57,-370.0
2026-03-04T17:27:58,-362.0
2026-03-04T17:27:59,-346.0
2026-03-04T17:28:00,-346.0
2026-03-04T17:28:01,-354.0
2026-03-04T17:28:02,-354.0
2026-03-04T17:28:03,-362.0
2026-03-04T17:28:04,-370.0
2026-03-04T17:28:05,-370.0
2026-03-04T17:28:06,-370.0
2026-03-04T17:28:07,-354.0
2026-03-04T17:28:08,-354.0
2026-03-04T17:28:09,-346.0
2026-03-04T17:28:10,-346.0
2026-03-04T17:28:11,-346.0
2026-03-04T17:28:12,-346.0
2026-03-04T17:28:13,-346.0
2026-03-04T17:28:14,-346.0
2026-03-04T17:28:15,-354.0
2026-03-04T17:28:16,-386.0
2026-03-04T17:28:17,-370.0
2026-03-04T17:28:18,-362.0
2026-03-04T17:28:19,-362.0
2026-03-04T17:28:20,-354.0
2026-03-04T17:28:21,-346.0
2026-03-04T17:28:22,-338.0
2026-03-04T17:28:23,-330.0
2026-03-04T17:28:24,-330.0
2026-03-04T17:28:25,-322.0
2026-03-04T17:28:26,-346.0
2026-03-04T17:28:27,-338.0
2026-03-04T17:28:28,-322.0
2026-03-04T17:28:29,-322.0
2026-03-04T17:28:30,-322.0
2026-03-04T17:28:31,-314.0
2026-03-04T17:28:32,-322.0
2026-03-04T17:28:33,-330.0
2026-03-04T17:28:34,-330.0
2026-03-04T17:28:35,-322.0
2026-03-04T17:28:36,-330.0
2026-03-04T17:28:37,-330.0
2026-03-04T17:28:38,-322.0
2026-03-04T17:28:39,-314.0
2026-03-04T17:28:40,-322.0
2026-03-04T17:28:41,-322.0
2026-03-04T17:28:42,-322.0
2026-03-04T17:28:43,-338.0
2026-03-04T17:28:44,-354.0
2026-03-04T17:28:45,-362.0
2026-03-04T17:28:46,-362.0
2026-03-04T17:28:47,-362.0
2026-03-04T17:28:48,-362.0
2026-03-04T17:28:49,-362.0
2026-03-04T17:28:50,-354.0
2026-03-04T17:28:51,-354.0
2026-03-04T17:28:52,-354.0
2026-03-04T17:28:53,-386.0
2026-03-04T17:28:54,-370.0
2026-03-04T17:28:55,-354.0
2026-03-04T17:28:56,-346.0
2026-03-04T17:28:57,-346.0
2026-03-04T17:28:58,-346.0
2026-03-04T17:28:59,-346.0
2026-03-04T17:29:00,-338.0
2026-03-04T17:29:01,-346.0
2026-03-04T17:29:02,-338.0
2026-03-04T17:29:03,-338.0
2026-03-04T17:29:04,-330.0
2026-03-04T17:29:05,-338.0
2026-03-04T17:29:06,-346.0
2026-03-04T17:29:07,-346.0
2026-03-04T17:29:08,-338.0
2026-03-04T17:29:09,-330.0
2026-03-04T17:29:10,-346.0
2026-03-04T17:29:11,-386.0
2026-03-04T17:29:12,-394.0
2026-03-04T17:29:13,-378.0
2026-03-04T17:29:14,-362.0
2026-03-04T17:29:15,-386.0
2026-03-04T17:29:16,-418.0
2026-03-04T17:29:17,-418.0
2026-03-04T17:29:18,-386.0
2026-03-04T17:29:19,-354.0
2026-03-04T17:29:20,-346.0
2026-03-04T17:29:21,-378.0
2026-03-04T17:29:22,-362.0
2026-03-04T17:29:23,-338.0
2026-03-04T17:29:24,-322.0
2026-03-04T17:29:25,-370.0
2026-03-04T17:29:26,-354.0
2026-03-04T17:29:27,-354.0
2026-03-04T17:29:28,-378.0
2026-03-04T17:29:29,-370.0
2026-03-04T17:29:30,-354.0
2026-03-04T17:29:31,-338.0
2026-03-04T17:29:32,-322.0
2026-03-04T17:29:33,-314.0
2026-03-04T17:29:34,-314.0
2026-03-04T17:29:35,-330.0
2026-03-04T17:29:36,-338.0
2026-03-04T17:29:37,-330.0
2026-03-04T17:29:38,-338.0
2026-03-04T17:29:39,-338.0
2026-03-04T17:29:40,-330.0
2026-03-04T17:29:41,-322.0
2026-03-04T17:29:42,-330.0
2026-03-04T17:29:43,-338.0
2026-03-04T17:29:44,-330.0
2026-03-04T17:29:45,-322.0
2026-03-04T17:29:46,-314.0
2026-03-04T17:29:47,-314.0
2026-03-04T17:29:48,-322.0
2026-03-04T17:29:49,-330.0
2026-03-04T17:29:50,-338.0
2026-03-04T17:29:51,-338.0
2026-03-04T17:29:52,-330.0
2026-03-04T17:29:53,-346.0
2026-03-04T17:29:54,-338.0
2026-03-04T17:29:55,-330.0
2026-03-04T17:29:56,-330.0
2026-03-04T17:29:57,-354.0
2026-03-04T17:29:58,-354.0
2026-03-04T17:29:59,-346.0
2026-03-04T17:30:00,-338.0
2026-03-04T17:30:01,-338.0
2026-03-04T17:30:02,-338.0
2026-03-04T17:30:03,-338.0
2026-03-04T17:30:04,-338.0
2026-03-04T17:30:05,-330.0
2026-03-04T17:30:06,-338.0
2026-03-04T17:30:07,-338.0
2026-03-04T17:30:08,-354.0
2026-03-04T17:30:09,-370.0
2026-03-04T17:30:10,-346.0
2026-03-04T17:30:11,-322.0
2026-03-04T17:30:12,-330.0
2026-03-04T17:30:13,-322.0
2026-03-04T17:30:14,-354.0
2026-03-04T17:30:15,-338.0
2026-03-04T17:30:16,-330.0
2026-03-04T17:30:17,-338.0
2026-03-04T17:30:18,-338.0
2026-03-04T17:30:19,-338.0
2026-03-04T17:30:20,-338.0
2026-03-04T17:30:21,-330.0
2026-03-04T17:30:22,-322.0
2026-03-04T17:30:23,-314.0
2026-03-04T17:30:24,-322.0
2026-03-04T17:30:25,-362.0
2026-03-04T17:30:26,-354.0
2026-03-04T17:30:27,-338.0
2026-03-04T17:30:28,-330.0
2026-03-04T17:30:29,-330.0
2026-03-04T17:30:30,-338.0
2026-03-04T17:30:31,-338.0
2026-03-04T17:30:32,-346.0
2026-03-04T17:30:33,-346.0
2026-03-04T17:30:34,-346.0
2026-03-04T17:30:35,-346.0
2026-03-04T17:30:36,-354.0
2026-03-04T17:30:37,-354.0
2026-03-04T17:30:38,-346.0
2026-03-04T17:30:39,-330.0
2026-03-04T17:30:40,-322.0
2026-03-04T17:30:41,-354.0
2026-03-04T17:30:42,-410.0
2026-03-04T17:30:43,-378.0
2026-03-04T17:30:44,-354.0
2026-03-04T17:30:45,-338.0
2026-03-04T17:30:46,-338.0
2026-03-04T17:30:47,-330.0
2026-03-04T17:30:48,-314.0
2026-03-04T17:30:49,-306.0
2026-03-04T17:30:50,-306.0
2026-03-04T17:30:51,-306.0
2026-03-04T17:30:52,-314.0
2026-03-04T17:30:53,-314.0
2026-03-04T17:30:54,-314.0
2026-03-04T17:30:55,-306.0
2026-03-04T17:30:56,-306.0
2026-03-04T17:30:57,-306.0
2026-03-04T17:30:58,-314.0
2026-03-04T17:30:59,-314.0
2026-03-04T17:31:00,-322.0
2026-03-04T17:31:01,-322.0
2026-03-04T17:31:02,-314.0
2026-03-04T17:31:03,-322.0
2026-03-04T17:31:04,-322.0
2026-03-04T17:31:05,-330.0
2026-03-04T17:31:06,-322.0
2026-03-04T17:31:07,-322.0
2026-03-04T17:31:08,-322.0
2026-03-04T17:31:09,-322.0
2026-03-04T17:31:10,-330.0
2026-03-04T17:31:11,-322.0
2026-03-04T17:31:12,-314.0
2026-03-04T17:31:13,-314.0
2026-03-04T17:31:14,-322.0
2026-03-04T17:31:15,-322.0
2026-03-04T17:31:16,-322.0
2026-03-04T17:31:17,-322.0
2026-03-04T17:31:18,-322.0
2026-03-04T17:31:19,-314.0
2026-03-04T17:31:20,-322.0
2026-03-04T17:31:21,-322.0
2026-03-04T17:31:22,-322.0
2026-03-04T17:31:23,-314.0
2026-03-04T17:31:24,-354.0
2026-03-04T17:31:25,-418.0
2026-03-04T17:31:26,-426.0
2026-03-04T17:31:27,-426.0
2026-03-04T17:31:28,-426.0
2026-03-04T17:31:29,-402.0
2026-03-04T17:31:30,-410.0
2026-03-04T17:31:31,-410.0
2026-03-04T17:31:32,-418.0
2026-03-04T17:31:33,-426.0
2026-03-04T17:31:34,-418.0
2026-03-04T17:31:35,-426.0
2026-03-04T17:31:36,-434.0
2026-03-04T17:31:37,-418.0
2026-03-04T17:31:38,-410.0
2026-03-04T17:31:39,-394.0
2026-03-04T17:31:40,-386.0
2026-03-04T17:31:41,-370.0
2026-03-04T17:31:42,-338.0
2026-03-04T17:31:43,-330.0
2026-03-04T17:31:44,-354.0
2026-03-04T17:31:45,-354.0
2026-03-04T17:31:46,-330.0
2026-03-04T17:31:47,-362.0
2026-03-04T17:31:48,-346.0
2026-03-04T17:31:49,-330.0
2026-03-04T17:31:50,-322.0
2026-03-04T17:31:51,-314.0
2026-03-04T17:31:52,-314.0
2026-03-04T17:31:53,-354.0
2026-03-04T17:31:54,-330.0
2026-03-04T17:31:55,-314.0
2026-03-04T17:31:56,-298.0
2026-03-04T17:31:57,-306.0
2026-03-04T17:31:58,-306.0
2026-03-04T17:31:59,-298.0
2026-03-04T17:32:00,-290.0
2026-03-04T17:32:01,-274.0
2026-03-04T17:32:02,-274.0
2026-03-04T17:32:03,-274.0
2026-03-04T17:32:04,-290.0
2026-03-04T17:32:05,-306.0
2026-03-04T17:32:06,-314.0
2026-03-04T17:32:07,-330.0
2026-03-04T17:32:08,-346.0
2026-03-04T17:32:09,-346.0
2026-03-04T17:32:10,-322.0
2026-03-04T17:32:11,-322.0
2026-03-04T17:32:12,-322.0
2026-03-04T17:32:13,-322.0
2026-03-04T17:32:14,-322.0
2026-03-04T17:32:15,-314.0
2026-03-04T17:32:16,-306.0
2026-03-04T17:32:17,-314.0
2026-03-04T17:32:18,-306.0
2026-03-04T17:32:19,-306.0
2026-03-04T17:32:20,-338.0
2026-03-04T17:32:21,-322.0
2026-03-04T17:32:22,-314.0
2026-03-04T17:32:23,-306.0
2026-03-04T17:32:24,-306.0
2026-03-04T17:32:25,-322.0
2026-03-04T17:32:26,-370.0
2026-03-04T17:32:27,-354.0
2026-03-04T17:32:28,-330.0
2026-03-04T17:32:29,-314.0
2026-03-04T17:32:30,-306.0
2026-03-04T17:32:31,-298.0
2026-03-04T17:32:32,-290.0
2026-03-04T17:32:33,-298.0
2026-03-04T17:32:34,-306.0
2026-03-04T17:32:35,-314.0
2026-03-04T17:32:36,-314.0
2026-03-04T17:32:37,-306.0
2026-03-04T17:32:38,-314.0
2026-03-04T17:32:39,-314.0
2026-03-04T17:32:40,-322.0
2026-03-04T17:32:41,-346.0
2026-03-04T17:32:42,-338.0
2026-03-04T17:32:43,-322.0
2026-03-04T17:32:44,-306.0
2026-03-04T17:32:45,-338.0
2026-03-04T17:32:46,-330.0
2026-03-04T17:32:47,-314.0
2026-03-04T17:32:48,-306.0
2026-03-04T17:32:49,-298.0
2026-03-04T17:32:50,-314.0
2026-03-04T17:32:51,-354.0
2026-03-04T17:32:52,-354.0
2026-03-04T17:32:53,-354.0
2026-03-04T17:32:54,-346.0
2026-03-04T17:32:55,-338.0
2026-03-04T17:32:56,-322.0
2026-03-04T17:32:57,-306.0
2026-03-04T17:32:58,-314.0
2026-03-04T17:32:59,-314.0
2026-03-04T17:33:00,-322.0
2026-03-04T17:33:01,-330.0
2026-03-04T17:33:02,-346.0
2026-03-04T17:33:03,-362.0
2026-03-04T17:33:04,-354.0
2026-03-04T17:33:05,-338.0
2026-03-04T17:33:06,-330.0
2026-03-04T17:33:07,-314.0
2026-03-04T17:33:08,-314.0
2026-03-04T17:33:09,-314.0
2026-03-04T17:33:10,-314.0
2026-03-04T17:33:11,-314.0
2026-03-04T17:33:12,-306.0
2026-03-04T17:33:13,-290.0
2026-03-04T17:33:14,-290.0
2026-03-04T17:33:15,-282.0
2026-03-04T17:33:16,-274.0
2026-03-04T17:33:17,-266.0
2026-03-04T17:33:18,-266.0
2026-03-04T17:33:19,-266.0
2026-03-04T17:33:20,-258.0
2026-03-04T17:33:21,-258.0
2026-03-04T17:33:22,-258.0
2026-03-04T17:33:23,-258.0
2026-03-04T17:33:24,-258.0
2026-03-04T17:33:25,-266.0
2026-03-04T17:33:26,-266.0
2026-03-04T17:33:27,-258.0
2026-03-04T17:33:28,-266.0
2026-03-04T17:33:29,-282.0
2026-03-04T17:33:30,-282.0
2026-03-04T17:33:31,-290.0
2026-03-04T17:33:32,-298.0
2026-03-04T17:33:33,-290.0
2026-03-04T17:33:34,-298.0
2026-03-04T17:33:35,-290.0
2026-03-04T17:33:36,-290.0
2026-03-04T17:33:37,-282.0
2026-03-04T17:33:38,-282.0
2026-03-04T17:33:39,-282.0
2026-03-04T17:33:40,-282.0
2026-03-04T17:33:41,-282.0
2026-03-04T17:33:42,-290.0
2026-03-04T17:33:43,-290.0
2026-03-04T17:33:44,-282.0
2026-03-04T17:33:45,-274.0
2026-03-04T17:33:46,-266.0
2026-03-04T17:33:47,-266.0
2026-03-04T17:33:48,-258.0
2026-03-04T17:33:49,-250.0
2026-03-04T17:33:50,-250.0
2026-03-04T17:33:51,-258.0
2026-03-04T17:33:52,-274.0
2026-03-04T17:33:53,-266.0
2026-03-04T17:33:54,-266.0
2026-03-04T17:33:55,-274.0
2026-03-04T17:33:56,-282.0
2026-03-04T17:33:57,-290.0
2026-03-04T17:33:58,-290.0
2026-03-04T17:33:59,-298.0
2026-03-04T17:34:00,-298.0
2026-03-04T17:34:01,-298.0
2026-03-04T17:34:02,-290.0
2026-03-04T17:34:03,-282.0
2026-03-04T17:34:04,-290.0
2026-03-04T17:34:05,-290.0
2026-03-04T17:34:06,-290.0
2026-03-04T17:34:07,-290.0
2026-03-04T17:34:08,-290.0
2026-03-04T17:34:09,-282.0
2026-03-04T17:34:10,-298.0
2026-03-04T17:34:11,-314.0
2026-03-04T17:34:12,-298.0
2026-03-04T17:34:13,-282.0
2026-03-04T17:34:14,-282.0
2026-03-04T17:34:15,-282.0
2026-03-04T17:34:16,-290.0
2026-03-04T17:34:17,-290.0
2026-03-04T17:34:18,-282.0
2026-03-04T17:34:19,-354.0
2026-03-04T17:34:20,-330.0
2026-03-04T17:34:21,-338.0
2026-03-04T17:34:22,-322.0
2026-03-04T17:34:23,-378.0
2026-03-04T17:34:24,-346.0
2026-03-04T17:34:25,-314.0
2026-03-04T17:34:26,-298.0
2026-03-04T17:34:27,-290.0
2026-03-04T17:34:28,-282.0
2026-03-04T17:34:29,-282.0
2026-03-04T17:34:30,-266.0
2026-03-04T17:34:31,-266.0
2026-03-04T17:34:32,-266.0
2026-03-04T17:34:33,-266.0
2026-03-04T17:34:34,-274.0
2026-03-04T17:34:35,-274.0
2026-03-04T17:34:36,-274.0
2026-03-04T17:34:37,-314.0
2026-03-04T17:34:38,-314.0
2026-03-04T17:34:39,-306.0
2026-03-04T17:34:40,-322.0
2026-03-04T17:34:41,-314.0
2026-03-04T17:34:42,-306.0
2026-03-04T17:34:43,-298.0
2026-03-04T17:34:44,-290.0
2026-03-04T17:34:45,-290.0
2026-03-04T17:34:46,-298.0
2026-03-04T17:34:47,-314.0
2026-03-04T17:34:48,-354.0
2026-03-04T17:34:49,-346.0
2026-03-04T17:34:50,-330.0
2026-03-04T17:34:51,-330.0
2026-03-04T17:34:52,-322.0
2026-03-04T17:34:53,-330.0
2026-03-04T17:34:54,-330.0
2026-03-04T17:34:55,-330.0
2026-03-04T17:34:56,-330.0
2026-03-04T17:34:57,-338.0
2026-03-04T17:34:58,-338.0
2026-03-04T17:34:59,-346.0
2026-03-04T17:35:00,-338.0
2026-03-04T17:35:01,-346.0
2026-03-04T17:35:02,-346.0
2026-03-04T17:35:03,-338.0
2026-03-04T17:35:04,-338.0
2026-03-04T17:35:05,-338.0
2026-03-04T17:35:06,-338.0
2026-03-04T17:35:07,-338.0
2026-03-04T17:35:08,-338.0
2026-03-04T17:35:09,-330.0
2026-03-04T17:35:10,-330.0
2026-03-04T17:35:11,-330.0
2026-03-04T17:35:12,-338.0
2026-03-04T17:35:13,-338.0
2026-03-04T17:35:14,-338.0
2026-03-04T17:35:15,-338.0
2026-03-04T17:35:16,-338.0
2026-03-04T17:35:17,-338.0
2026-03-04T17:35:18,-330.0
2026-03-04T17:35:19,-322.0
2026-03-04T17:35:20,-330.0
2026-03-04T17:35:21,-330.0
2026-03-04T17:35:22,-346.0
2026-03-04T17:35:23,-354.0
2026-03-04T17:35:24,-362.0
2026-03-04T17:35:25,-362.0
2026-03-04T17:35:26,-370.0
2026-03-04T17:35:27,-362.0
2026-03-04T17:35:28,-370.0
2026-03-04T17:35:29,-378.0
2026-03-04T17:35:30,-370.0
2026-03-04T17:35:31,-370.0
2026-03-04T17:35:32,-378.0
2026-03-04T17:35:33,-378.0
2026-03-04T17:35:34,-378.0
2026-03-04T17:35:35,-386.0
2026-03-04T17:35:36,-402.0
2026-03-04T17:35:37,-402.0
2026-03-04T17:35:38,-402.0
2026-03-04T17:35:39,-402.0
2026-03-04T17:35:40,-394.0
2026-03-04T17:35:41,-394.0
2026-03-04T17:35:42,-402.0
2026-03-04T17:35:43,-394.0
2026-03-04T17:35:44,-394.0
2026-03-04T17:35:45,-402.0
2026-03-04T17:35:46,-410.0
2026-03-04T17:35:47,-410.0
2026-03-04T17:35:48,-402.0
2026-03-04T17:35:49,-402.0
2026-03-04T17:35:50,-410.0
2026-03-04T17:35:51,-410.0
2026-03-04T17:35:52,-410.0
2026-03-04T17:35:53,-410.0
2026-03-04T17:35:54,-402.0
2026-03-04T17:35:55,-394.0
2026-03-04T17:35:56,-394.0
2026-03-04T17:35:57,-394.0
2026-03-04T17:35:58,-394.0
2026-03-04T17:35:59,-386.0
2026-03-04T17:36:00,-378.0
2026-03-04T17:36:01,-370.0
2026-03-04T17:36:02,-378.0
2026-03-04T17:36:03,-386.0
2026-03-04T17:36:04,-378.0
2026-03-04T17:36:05,-370.0
2026-03-04T17:36:06,-362.0
2026-03-04T17:36:07,-346.0
2026-03-04T17:36:08,-338.0
2026-03-04T17:36:09,-338.0
2026-03-04T17:36:10,-338.0
2026-03-04T17:36:11,-322.0
2026-03-04T17:36:12,-330.0
2026-03-04T17:36:13,-346.0
2026-03-04T17:36:14,-362.0
2026-03-04T17:36:15,-354.0
2026-03-04T17:36:16,-346.0
2026-03-04T17:36:17,-354.0
2026-03-04T17:36:18,-354.0
2026-03-04T17:36:19,-362.0
2026-03-04T17:36:20,-378.0
2026-03-04T17:36:21,-378.0
2026-03-04T17:36:22,-386.0
2026-03-04T17:36:23,-386.0
2026-03-04T17:36:24,-386.0
2026-03-04T17:36:25,-386.0
2026-03-04T17:36:26,-386.0
2026-03-04T17:36:27,-386.0
2026-03-04T17:36:28,-386.0
2026-03-04T17:36:29,-394.0
2026-03-04T17:36:30,-386.0
2026-03-04T17:36:31,-370.0
2026-03-04T17:36:32,-354.0
2026-03-04T17:36:33,-346.0
2026-03-04T17:36:34,-338.0
2026-03-04T17:36:35,-346.0
2026-03-04T17:36:36,-354.0
2026-03-04T17:36:37,-354.0
2026-03-04T17:36:38,-338.0
2026-03-04T17:36:39,-322.0
2026-03-04T17:36:40,-314.0
2026-03-04T17:36:41,-322.0
2026-03-04T17:36:42,-330.0
2026-03-04T17:36:43,-330.0
2026-03-04T17:36:44,-322.0
2026-03-04T17:36:45,-322.0
2026-03-04T17:36:46,-338.0
2026-03-04T17:36:47,-338.0
2026-03-04T17:36:48,-338.0
2026-03-04T17:36:49,-330.0
2026-03-04T17:36:50,-322.0
2026-03-04T17:36:51,-330.0
2026-03-04T17:36:52,-330.0
2026-03-04T17:36:53,-322.0
2026-03-04T17:36:54,-314.0
2026-03-04T17:36:55,-298.0
2026-03-04T17:36:56,-290.0
2026-03-04T17:36:57,-290.0
2026-03-04T17:36:58,-282.0
2026-03-04T17:36:59,-282.0
2026-03-04T17:37:00,-290.0
2026-03-04T17:37:01,-298.0
2026-03-04T17:37:02,-298.0
2026-03-04T17:37:03,-290.0
2026-03-04T17:37:04,-290.0
2026-03-04T17:37:05,-290.0
2026-03-04T17:37:06,-298.0
2026-03-04T17:37:07,-298.0
2026-03-04T17:37:08,-298.0
2026-03-04T17:37:09,-306.0
2026-03-04T17:37:10,-306.0
2026-03-04T17:37:11,-306.0
2026-03-04T17:37:12,-314.0
2026-03-04T17:37:13,-314.0
2026-03-04T17:37:14,-322.0
2026-03-04T17:37:15,-338.0
2026-03-04T17:37:16,-346.0
2026-03-04T17:37:17,-338.0
2026-03-04T17:37:18,-322.0
2026-03-04T17:37:19,-386.0
2026-03-04T17:37:20,-394.0
2026-03-04T17:37:21,-378.0
2026-03-04T17:37:22,-346.0
2026-03-04T17:37:23,-330.0
2026-03-04T17:37:24,-322.0
2026-03-04T17:37:25,-322.0
2026-03-04T17:37:26,-314.0
2026-03-04T17:37:27,-314.0
2026-03-04T17:37:28,-314.0
2026-03-04T17:37:29,-306.0
2026-03-04T17:37:30,-298.0
2026-03-04T17:37:31,-290.0
2026-03-04T17:37:32,-290.0
2026-03-04T17:37:33,-282.0
2026-03-04T17:37:34,-282.0
2026-03-04T17:37:35,-282.0
2026-03-04T17:37:36,-290.0
2026-03-04T17:37:37,-290.0
2026-03-04T17:37:38,-282.0
2026-03-04T17:37:39,-274.0
2026-03-04T17:37:40,-274.0
2026-03-04T17:37:41,-274.0
2026-03-04T17:37:42,-266.0
2026-03-04T17:37:43,-266.0
2026-03-04T17:37:44,-266.0
2026-03-04T17:37:45,-266.0
2026-03-04T17:37:46,-266.0
2026-03-04T17:37:47,-266.0
2026-03-04T17:37:48,-266.0
2026-03-04T17:37:49,-274.0
2026-03-04T17:37:50,-274.0
2026-03-04T17:37:51,-274.0
2026-03-04T17:37:52,-330.0
2026-03-04T17:37:53,-346.0
2026-03-04T17:37:54,-330.0
2026-03-04T17:37:55,-338.0
2026-03-04T17:37:56,-346.0
2026-03-04T17:37:57,-338.0
2026-03-04T17:37:58,-322.0
2026-03-04T17:37:59,-314.0
2026-03-04T17:38:00,-306.0
2026-03-04T17:38:01,-298.0
2026-03-04T17:38:02,-282.0
2026-03-04T17:38:03,-266.0
2026-03-04T17:38:04,-266.0
2026-03-04T17:38:05,-266.0
2026-03-04T17:38:06,-266.0
2026-03-04T17:38:07,-266.0
2026-03-04T17:38:08,-266.0
2026-03-04T17:38:09,-274.0
2026-03-04T17:38:10,-282.0
2026-03-04T17:38:11,-274.0
2026-03-04T17:38:12,-282.0
2026-03-04T17:38:13,-290.0
2026-03-04T17:38:14,-290.0
2026-03-04T17:38:15,-290.0
2026-03-04T17:38:16,-282.0
2026-03-04T17:38:17,-282.0
2026-03-04T17:38:18,-274.0
2026-03-04T17:38:19,-258.0
2026-03-04T17:38:20,-250.0
2026-03-04T17:38:21,-250.0
2026-03-04T17:38:22,-242.0
2026-03-04T17:38:23,-242.0
2026-03-04T17:38:24,-242.0
2026-03-04T17:38:25,-250.0
2026-03-04T17:38:26,-250.0
2026-03-04T17:38:27,-250.0
2026-03-04T17:38:28,-274.0
2026-03-04T17:38:29,-290.0
2026-03-04T17:38:30,-306.0
2026-03-04T17:38:31,-314.0
2026-03-04T17:38:32,-322.0
2026-03-04T17:38:33,-330.0
2026-03-04T17:38:34,-330.0
2026-03-04T17:38:35,-322.0
2026-03-04T17:38:36,-330.0
2026-03-04T17:38:37,-346.0
2026-03-04T17:38:38,-346.0
2026-03-04T17:38:39,-338.0
2026-03-04T17:38:40,-330.0
2026-03-04T17:38:41,-330.0
2026-03-04T17:38:42,-322.0
2026-03-04T17:38:43,-322.0
2026-03-04T17:38:44,-330.0
2026-03-04T17:38:45,-330.0
2026-03-04T17:38:46,-314.0
2026-03-04T17:38:47,-306.0
2026-03-04T17:38:48,-306.0
2026-03-04T17:38:49,-306.0
